{
	"class_name" : "PinholeCameraParameters",
	"extrinsic" : 
	[
		0.99961905387054417,
		-0.01293286618778617,
		0.02438212687866215,
		0.0,
		-0.016575017385910575,
		-0.98767192967681039,
		0.1556580487065882,
		0.0,
		0.022068437588898867,
		-0.15600288555233408,
		-0.98751004235994,
		0.0,
		-3.142972949380423,
		1.2524155049020196,
		5.2040912511810822,
		1.0
	],
	"intrinsic" : 
	{
		"height" : 941,
		"intrinsic_matrix" : 
		[
			814.92990496115681,
			0.0,
			0.0,
			0.0,
			814.92990496115681,
			0.0,
			834.0,
			470.0,
			1.0
		],
		"width" : 1669
	},
	"version_major" : 1,
	"version_minor" : 0
}