{
	"class_name" : "PinholeCameraParameters",
	"extrinsic" : 
	[
		0.98499037629371633,
		-0.14443122214095711,
		0.094517621000703822,
		0.0,
		0.10051303099021046,
		0.92510370640947959,
		0.3661697188307691,
		0.0,
		-0.14032494151049615,
		-0.35117339656971891,
		0.92573546779399296,
		0.0,
		0.75037736944518518,
		-0.099323812150047042,
		2.6604779802858567,
		1.0
	],
	"intrinsic" : 
	{
		"height" : 720,
		"intrinsic_matrix" : 
		[
			623.53829072479584,
			0.0,
			0.0,
			0.0,
			623.53829072479584,
			0.0,
			639.5,
			359.5,
			1.0
		],
		"width" : 1280
	},
	"version_major" : 1,
	"version_minor" : 0
}